Channel,AverageOrderValue,AverageItemsPerOrder,TotalOrders
Online,1061.451145,2.18366535304964,27659
Reseller,21147.583862,16.0060430898581,3806
