SalesPersonName,TotalRevenue,TotalProfit,ProfitMargin
Tete Mensa-Annan,2312545.689947,-121358.789553,-0.052478
Rachel Valdez,1827066.711741,-89576.174159,-0.049027
Shu Ito,6427005.553889,-396323.448911,-0.061665
Ranjit Varkey Chudukatil,4509888.930751,-145757.023149,-0.032319
Tsvi Reiter,7171012.749141,-147095.176359,-0.020512
