CategoryName,OnlineRevenue,ResellerRevenue,TotalRevenue
Accessories,700759.960000,571312.923926,1272072.883926
Bikes,28318144.650700,66333028.054031,94651172.704731
Clothing,339772.610000,1780769.914801,2120542.524801
Components,0.000000,11802593.286430,11802593.286430
