OrderYear,Channel,TotalRevenue,TotalProfit,ProfitMargin
2013,Reseller,32890351.721635,-938824.884365,-0.028544
2011,Online,3863120.213400,1541849.018600,0.399120
2014,Online,8372829.730000,3470486.369300,0.414493
2014,Reseller,11685099.080865,-27992.706035,-0.002395
2012,Online,6390599.947300,2382419.678100,0.372800
2012,Reseller,27133701.377134,-1434218.486966,-0.052857
2011,Reseller,8778551.999554,84996.824254,0.009682
2013,Online,10732127.330000,4293187.813500,0.400031
