SubcategoryName,Sum of TotalProfit,Sum of TotalQuantitySold,Sum of ProfitPerUnit,DiscountBucket
Helmets,227116.559697,18369,12.364122,0-5%
Helmets,1212.58128,1172,1.034625,5-15%
Jerseys,-148915.654226,22654,-6.573481,0-5%
Jerseys,-971.50304,57,-17.043912,5-15%
Mountain Bikes,-709353.8661,838,-846.484327,>30%
Mountain Bikes,5617395.75858,27483,204.39529,0-5%
Road Bikes,2926485.692612,46837,62.482347,0-5%
Road Bikes,-97972.7248,304,-322.2787,15-30%
Road Bikes,-17438.5475,55,-317.0645,5-15%
